source_image,structure_id,top_y_px,bottom_y_px,left_x_px,right_x_px,top_to_bottom_px,top_to_bottom_mm,left_to_right_px,left_to_right_mm,area_px2,area_mm2,perimeter_px,perimeter_mm,center_x_px,center_y_px
64-C2H2-2.5O2-65%Ar-7.50kPa-1_gamma0p6_CLAHEclip01_GBlur05_GNoise10.tif,1,712,866,1740,1999,155,18.452380952380953,260,30.952380952380953,24613,348.8236961451247,682.0386657714844,81.19507925851003,1874,782
64-C2H2-2.5O2-65%Ar-7.50kPa-1_gamma0p6_CLAHEclip01_GBlur05_GNoise10.tif,2,712,898,2039,2281,187,22.26190476190476,243,28.928571428571427,29821,422.6332199546485,710.3818116188049,84.56926328795296,2206,807
64-C2H2-2.5O2-65%Ar-7.50kPa-1_gamma0p6_CLAHEclip01_GBlur05_GNoise10.tif,3,718,843,1468,1703,126,15.0,236,28.095238095238095,18947,268.5232426303855,593.4701242446899,70.651205267225,1576,778
64-C2H2-2.5O2-65%Ar-7.50kPa-1_gamma0p6_CLAHEclip01_GBlur05_GNoise10.tif,4,755,971,389,699,217,25.833333333333332,311,37.023809523809526,35586,504.33673469387753,821.7859205007553,97.83165720247086,539,859
64-C2H2-2.5O2-65%Ar-7.50kPa-1_gamma0p6_CLAHEclip01_GBlur05_GNoise10.tif,5,760,941,1599,1854,182,21.666666666666664,256,30.476190476190474,27219,385.75680272108843,693.9209156036377,82.60963280995686,1717,848
64-C2H2-2.5O2-65%Ar-7.50kPa-1_gamma0p6_CLAHEclip01_GBlur05_GNoise10.tif,6,774,926,1334,1552,153,18.21428571428571,219,26.07142857142857,18923,268.18310657596373,592.9675980806351,70.59138072388512,1441,851
64-C2H2-2.5O2-65%Ar-7.50kPa-1_gamma0p6_CLAHEclip01_GBlur05_GNoise10.tif,7,790,930,1898,2099,141,16.785714285714285,202,24.047619047619047,16423,232.75226757369614,549.0264731645584,65.36029442435219,1988,860
64-C2H2-2.5O2-65%Ar-7.50kPa-1_gamma0p6_CLAHEclip01_GBlur05_GNoise10.tif,8,806,939,732,894,134,15.952380952380953,163,19.404761904761905,13239,187.62755102040816,486.01428055763245,57.85884292352767,826,870
64-C2H2-2.5O2-65%Ar-7.50kPa-1_gamma0p6_CLAHEclip01_GBlur05_GNoise10.tif,9,844,1025,1461,1703,182,21.666666666666664,243,28.928571428571427,25127,356.1082766439909,683.1513636112213,81.32754328705015,1569,933
64-C2H2-2.5O2-65%Ar-7.50kPa-1_gamma0p6_CLAHEclip01_GBlur05_GNoise10.tif,10,845,894,890,929,50,5.9523809523809526,40,4.761904761904762,1478,20.946712018140587,148.46803629398346,17.674766225474222,908,871
64-C2H2-2.5O2-65%Ar-7.50kPa-1_gamma0p6_CLAHEclip01_GBlur05_GNoise10.tif,11,853,976,1999,2176,124,14.761904761904761,178,21.19047619047619,12346,174.9716553287982,480.4995617866516,57.20232878412519,2066,927
64-C2H2-2.5O2-65%Ar-7.50kPa-1_gamma0p6_CLAHEclip01_GBlur05_GNoise10.tif,12,856,1062,1104,1418,207,24.642857142857142,315,37.5,34324,486.4512471655329,826.7737278938293,98.42544379688444,1207,986
64-C2H2-2.5O2-65%Ar-7.50kPa-1_gamma0p6_CLAHEclip01_GBlur05_GNoise10.tif,13,866,1057,1750,2048,192,22.857142857142858,299,35.595238095238095,32820,465.1360544217687,797.8204103708267,94.97862028224127,1855,947
64-C2H2-2.5O2-65%Ar-7.50kPa-1_gamma0p6_CLAHEclip01_GBlur05_GNoise10.tif,14,870,1028,590,812,159,18.928571428571427,223,26.547619047619047,19845,281.25,600.9087229967117,71.53675273770378,684,962
64-C2H2-2.5O2-65%Ar-7.50kPa-1_gamma0p6_CLAHEclip01_GBlur05_GNoise10.tif,15,876,1038,839,1069,163,19.404761904761905,231,27.5,21440,303.8548752834467,621.7371500730515,74.01632738964898,943,945
64-C2H2-2.5O2-65%Ar-7.50kPa-1_gamma0p6_CLAHEclip01_GBlur05_GNoise10.tif,16,899,1116,2085,2286,218,25.952380952380953,202,24.047619047619047,26400,374.14965986394554,677.2518688440323,80.62522248143242,2186,982
64-C2H2-2.5O2-65%Ar-7.50kPa-1_gamma0p6_CLAHEclip01_GBlur05_GNoise10.tif,17,927,1155,1229,1550,229,27.26190476190476,322,38.33333333333333,40179,569.4302721088435,871.5432798862457,103.7551523674102,1367,1061
64-C2H2-2.5O2-65%Ar-7.50kPa-1_gamma0p6_CLAHEclip01_GBlur05_GNoise10.tif,18,941,1139,711,961,199,23.69047619047619,251,29.88095238095238,28107,398.34183673469386,699.1757488250732,83.23520819346109,822,1036
64-C2H2-2.5O2-65%Ar-7.50kPa-1_gamma0p6_CLAHEclip01_GBlur05_GNoise10.tif,19,942,1148,1599,1911,207,24.642857142857142,313,37.26190476190476,35428,502.0975056689342,835.3178842067719,99.44260526271093,1709,1031
64-C2H2-2.5O2-65%Ar-7.50kPa-1_gamma0p6_CLAHEclip01_GBlur05_GNoise10.tif,20,977,1189,1953,2233,213,25.357142857142858,281,33.45238095238095,32439,459.73639455782313,788.2468165159225,93.83890672808602,2144,1116
64-C2H2-2.5O2-65%Ar-7.50kPa-1_gamma0p6_CLAHEclip01_GBlur05_GNoise10.tif,21,981,1111,998,1184,131,15.595238095238095,187,22.26190476190476,14271,202.25340136054422,509.5706294775009,60.663170175892965,1083,1039
64-C2H2-2.5O2-65%Ar-7.50kPa-1_gamma0p6_CLAHEclip01_GBlur05_GNoise10.tif,22,1026,1275,1396,1688,250,29.76190476190476,293,34.88095238095238,44003,623.625283446712,874.9574934244156,104.16160636004948,1525,1134
64-C2H2-2.5O2-65%Ar-7.50kPa-1_gamma0p6_CLAHEclip01_GBlur05_GNoise10.tif,23,1029,1221,538,809,193,22.976190476190474,272,32.38095238095238,29866,423.27097505668934,733.8620405197144,87.36452863329933,677,1124
64-C2H2-2.5O2-65%Ar-7.50kPa-1_gamma0p6_CLAHEclip01_GBlur05_GNoise10.tif,24,1040,1217,844,1097,178,21.19047619047619,254,30.238095238095237,25981,368.21145124716554,690.7077125310898,82.22710863465355,951,1139
64-C2H2-2.5O2-65%Ar-7.50kPa-1_gamma0p6_CLAHEclip01_GBlur05_GNoise10.tif,25,1058,1194,1784,1995,137,16.30952380952381,212,25.238095238095237,14651,207.63888888888889,559.269113779068,66.57965640226999,1931,1102
64-C2H2-2.5O2-65%Ar-7.50kPa-1_gamma0p6_CLAHEclip01_GBlur05_GNoise10.tif,26,1064,1205,1133,1340,142,16.904761904761905,208,24.76190476190476,16355,231.78854875283446,560.6833273172379,66.74801515681403,1204,1117
64-C2H2-2.5O2-65%Ar-7.50kPa-1_gamma0p6_CLAHEclip01_GBlur05_GNoise10.tif,27,1113,1311,978,1248,199,23.69047619047619,271,32.26190476190476,30322,429.73356009070295,746.2051863670349,88.83395075798035,1110,1206
64-C2H2-2.5O2-65%Ar-7.50kPa-1_gamma0p6_CLAHEclip01_GBlur05_GNoise10.tif,28,1118,1283,2155,2300,166,19.761904761904763,146,17.38095238095238,14818,210.00566893424036,498.15641593933105,59.304335230872745,2240,1196
64-C2H2-2.5O2-65%Ar-7.50kPa-1_gamma0p6_CLAHEclip01_GBlur05_GNoise10.tif,29,1119,1274,1857,2108,156,18.57142857142857,252,30.0,22884,324.31972789115645,698.5828220844269,83.16462167671749,1986,1190
64-C2H2-2.5O2-65%Ar-7.50kPa-1_gamma0p6_CLAHEclip01_GBlur05_GNoise10.tif,30,1121,1194,1658,1749,74,8.809523809523808,92,10.952380952380953,4250,60.23242630385487,297.52185904979706,35.41926893449965,1704,1148
64-C2H2-2.5O2-65%Ar-7.50kPa-1_gamma0p6_CLAHEclip01_GBlur05_GNoise10.tif,31,1125,1308,399,646,184,21.904761904761905,248,29.523809523809522,26195,371.24433106575964,696.5655771493912,82.92447347016561,511,1207
64-C2H2-2.5O2-65%Ar-7.50kPa-1_gamma0p6_CLAHEclip01_GBlur05_GNoise10.tif,32,1141,1292,686,897,152,18.095238095238095,212,25.238095238095237,19464,275.8503401360544,598.281306385994,71.22396504595166,811,1212
64-C2H2-2.5O2-65%Ar-7.50kPa-1_gamma0p6_CLAHEclip01_GBlur05_GNoise10.tif,33,1150,1320,1589,1819,171,20.357142857142858,231,27.5,18252,258.6734693877551,637.7371500730515,75.92108929441089,1649,1267
64-C2H2-2.5O2-65%Ar-7.50kPa-1_gamma0p6_CLAHEclip01_GBlur05_GNoise10.tif,34,1155,1334,1284,1544,180,21.428571428571427,261,31.07142857142857,24511,347.37811791383217,698.1635562181473,83.11470907358895,1370,1217
64-C2H2-2.5O2-65%Ar-7.50kPa-1_gamma0p6_CLAHEclip01_GBlur05_GNoise10.tif,35,1190,1323,2002,2189,134,15.952380952380953,188,22.38095238095238,14194,201.16213151927437,555.5706294775009,66.13936065208344,2128,1237
64-C2H2-2.5O2-65%Ar-7.50kPa-1_gamma0p6_CLAHEclip01_GBlur05_GNoise10.tif,36,1195,1406,1666,1953,212,25.238095238095237,288,34.285714285714285,32504,460.65759637188205,803.5188946723938,95.65701127052307,1780,1311
64-C2H2-2.5O2-65%Ar-7.50kPa-1_gamma0p6_CLAHEclip01_GBlur05_GNoise10.tif,37,1197,1237,890,923,41,4.8809523809523805,34,4.0476190476190474,1056,14.965986394557822,123.15432798862457,14.661229522455306,905,1213
64-C2H2-2.5O2-65%Ar-7.50kPa-1_gamma0p6_CLAHEclip01_GBlur05_GNoise10.tif,38,1207,1581,1132,1639,375,44.64285714285714,508,60.476190476190474,83067,1177.253401360544,1406.2266072034836,167.40792942898614,1512,1474
64-C2H2-2.5O2-65%Ar-7.50kPa-1_gamma0p6_CLAHEclip01_GBlur05_GNoise10.tif,39,1216,1388,821,1076,173,20.595238095238095,256,30.476190476190474,26065,369.4019274376417,685.8792854547501,81.65229588747025,949,1298
64-C2H2-2.5O2-65%Ar-7.50kPa-1_gamma0p6_CLAHEclip01_GBlur05_GNoise10.tif,40,1220,1375,275,503,156,18.57142857142857,229,27.26190476190476,20167,285.81349206349205,624.4823168516159,74.3431329585257,398,1306
64-C2H2-2.5O2-65%Ar-7.50kPa-1_gamma0p6_CLAHEclip01_GBlur05_GNoise10.tif,41,1223,1384,549,782,162,19.285714285714285,234,27.857142857142858,21325,302.2250566893424,634.5239470005035,75.53856511910756,663,1301
64-C2H2-2.5O2-65%Ar-7.50kPa-1_gamma0p6_CLAHEclip01_GBlur05_GNoise10.tif,42,1240,1296,2174,2243,57,6.785714285714286,70,8.333333333333332,2746,38.9172335600907,209.5807341337204,24.950087396871474,2203,1271
64-C2H2-2.5O2-65%Ar-7.50kPa-1_gamma0p6_CLAHEclip01_GBlur05_GNoise10.tif,43,1274,1297,784,824,24,2.857142857142857,41,4.8809523809523805,720,10.204081632653061,107.84061968326569,12.838169009912582,809,1286
64-C2H2-2.5O2-65%Ar-7.50kPa-1_gamma0p6_CLAHEclip01_GBlur05_GNoise10.tif,44,1275,1473,1811,2085,199,23.69047619047619,275,32.738095238095234,30778,436.19614512471657,756.5483322143555,90.06527764456612,1927,1375
64-C2H2-2.5O2-65%Ar-7.50kPa-1_gamma0p6_CLAHEclip01_GBlur05_GNoise10.tif,45,1276,1390,1474,1618,115,13.69047619047619,145,17.261904761904763,10244,145.1814058956916,410.2152910232544,48.83515369324457,1537,1339
64-C2H2-2.5O2-65%Ar-7.50kPa-1_gamma0p6_CLAHEclip01_GBlur05_GNoise10.tif,46,1278,1353,2067,2176,76,9.047619047619047,110,13.095238095238095,5137,72.80328798185941,301.22034335136414,35.859564684686205,2105,1325
64-C2H2-2.5O2-65%Ar-7.50kPa-1_gamma0p6_CLAHEclip01_GBlur05_GNoise10.tif,47,1285,1417,2124,2287,133,15.833333333333332,164,19.523809523809522,13731,194.60034013605443,489.1442233324051,58.23145515861965,2228,1350
64-C2H2-2.5O2-65%Ar-7.50kPa-1_gamma0p6_CLAHEclip01_GBlur05_GNoise10.tif,48,1299,1475,680,942,177,21.07142857142857,263,31.309523809523807,26462,375.0283446712018,699.6782749891281,83.29503273680096,798,1380
64-C2H2-2.5O2-65%Ar-7.50kPa-1_gamma0p6_CLAHEclip01_GBlur05_GNoise10.tif,49,1310,1452,419,641,143,17.023809523809522,223,26.547619047619047,18704,265.07936507936506,589.168608546257,70.1391200650306,528,1379
64-C2H2-2.5O2-65%Ar-7.50kPa-1_gamma0p6_CLAHEclip01_GBlur05_GNoise10.tif,50,1312,1542,981,1339,231,27.5,359,42.738095238095234,41701,591.000566893424,945.4427746534348,112.55271126826604,1105,1395
64-C2H2-2.5O2-65%Ar-7.50kPa-1_gamma0p6_CLAHEclip01_GBlur05_GNoise10.tif,51,1318,1472,1553,1775,155,18.452380952380953,223,26.547619047619047,19817,280.8531746031746,604.3818116188049,71.95021566890534,1640,1389
64-C2H2-2.5O2-65%Ar-7.50kPa-1_gamma0p6_CLAHEclip01_GBlur05_GNoise10.tif,52,1354,1462,2041,2219,109,12.976190476190476,179,21.30952380952381,11200,158.73015873015873,475.0020879507065,56.54786761317934,2106,1389
64-C2H2-2.5O2-65%Ar-7.50kPa-1_gamma0p6_CLAHEclip01_GBlur05_GNoise10.tif,53,1385,1547,557,818,163,19.404761904761905,262,31.19047619047619,24519,347.49149659863946,681.979790687561,81.18807031994774,660,1456
64-C2H2-2.5O2-65%Ar-7.50kPa-1_gamma0p6_CLAHEclip01_GBlur05_GNoise10.tif,54,1389,1620,857,1214,232,27.619047619047617,358,42.61904761904762,39979,566.5958049886622,938.1706964969635,111.68698767820993,962,1472
64-C2H2-2.5O2-65%Ar-7.50kPa-1_gamma0p6_CLAHEclip01_GBlur05_GNoise10.tif,55,1395,1543,1927,2117,149,17.738095238095237,191,22.738095238095237,16273,230.6264172335601,544.1980460882187,64.78548167716889,2005,1476
64-C2H2-2.5O2-65%Ar-7.50kPa-1_gamma0p6_CLAHEclip01_GBlur05_GNoise10.tif,56,1407,1551,1697,1884,145,17.261904761904763,188,22.38095238095238,14978,212.27324263038548,529.6122596263885,63.049078526951014,1785,1476
64-C2H2-2.5O2-65%Ar-7.50kPa-1_gamma0p6_CLAHEclip01_GBlur05_GNoise10.tif,57,1419,1545,2168,2292,127,15.119047619047619,125,14.88095238095238,9546,135.2891156462585,405.10259318351746,48.22649918851398,2236,1469
64-C2H2-2.5O2-65%Ar-7.50kPa-1_gamma0p6_CLAHEclip01_GBlur05_GNoise10.tif,58,1453,1649,413,692,197,23.452380952380953,280,33.33333333333333,30659,434.5096371882086,752.5899623632431,89.59404313848131,547,1553
64-C2H2-2.5O2-65%Ar-7.50kPa-1_gamma0p6_CLAHEclip01_GBlur05_GNoise10.tif,59,1463,1624,2029,2254,162,19.285714285714285,226,26.904761904761905,22371,317.04931972789115,616.180801153183,73.35485728014083,2140,1542
64-C2H2-2.5O2-65%Ar-7.50kPa-1_gamma0p6_CLAHEclip01_GBlur05_GNoise10.tif,60,1468,1645,1536,1772,178,21.19047619047619,237,28.21428571428571,22117,313.4495464852608,675.4945094585419,80.41601303077879,1608,1575
64-C2H2-2.5O2-65%Ar-7.50kPa-1_gamma0p6_CLAHEclip01_GBlur05_GNoise10.tif,61,1473,1606,1790,1983,134,15.952380952380953,194,23.095238095238095,15353,217.5878684807256,567.3279888629913,67.53904629321325,1900,1535
64-C2H2-2.5O2-65%Ar-7.50kPa-1_gamma0p6_CLAHEclip01_GBlur05_GNoise10.tif,62,1476,1652,758,1001,177,21.07142857142857,244,29.047619047619047,24159,342.3894557823129,669.2934989929199,79.67779749915714,855,1562
64-C2H2-2.5O2-65%Ar-7.50kPa-1_gamma0p6_CLAHEclip01_GBlur05_GNoise10.tif,63,1483,1639,1253,1484,157,18.69047619047619,232,27.619047619047617,20841,295.3656462585034,619.9381605386734,73.80216196888969,1358,1551
64-C2H2-2.5O2-65%Ar-7.50kPa-1_gamma0p6_CLAHEclip01_GBlur05_GNoise10.tif,64,1544,1730,1152,1376,187,22.26190476190476,225,26.785714285714285,23990,339.99433106575964,660.7077125310898,78.65568006322498,1270,1645
64-C2H2-2.5O2-65%Ar-7.50kPa-1_gamma0p6_CLAHEclip01_GBlur05_GNoise10.tif,65,1544,1673,1937,2123,130,15.476190476190476,187,22.26190476190476,14232,201.70068027210883,506.39905655384064,60.28560197069531,2005,1599
64-C2H2-2.5O2-65%Ar-7.50kPa-1_gamma0p6_CLAHEclip01_GBlur05_GNoise10.tif,66,1547,1682,2161,2297,136,16.19047619047619,137,16.30952380952381,11579,164.1014739229025,440.6589421033859,52.459397869450704,2244,1621
64-C2H2-2.5O2-65%Ar-7.50kPa-1_gamma0p6_CLAHEclip01_GBlur05_GNoise10.tif,67,1551,1731,1616,1901,181,21.547619047619047,286,34.047619047619044,27771,393.5799319727891,748.6488374471664,89.12486160085314,1732,1644
64-C2H2-2.5O2-65%Ar-7.50kPa-1_gamma0p6_CLAHEclip01_GBlur05_GNoise10.tif,68,1563,1594,1520,1540,32,3.8095238095238093,21,2.5,519,7.355442176870748,86.76955199241638,10.32970857052576,1531,1578
64-C2H2-2.5O2-65%Ar-7.50kPa-1_gamma0p6_CLAHEclip01_GBlur05_GNoise10.tif,69,1578,1706,903,1098,129,15.357142857142856,196,23.333333333333332,14816,209.97732426303855,522.3990565538406,62.190363875457216,989,1651
64-C2H2-2.5O2-65%Ar-7.50kPa-1_gamma0p6_CLAHEclip01_GBlur05_GNoise10.tif,70,1582,1781,1418,1723,200,23.80952380952381,306,36.42857142857142,27506,389.82426303854874,812.3473217487335,96.70801449389684,1505,1641
64-C2H2-2.5O2-65%Ar-7.50kPa-1_gamma0p6_CLAHEclip01_GBlur05_GNoise10.tif,71,1602,1637,1130,1157,36,4.285714285714286,28,3.333333333333333,682,9.665532879818594,101.15432798862457,12.042181903407688,1145,1620
64-C2H2-2.5O2-65%Ar-7.50kPa-1_gamma0p6_CLAHEclip01_GBlur05_GNoise10.tif,72,1608,1805,1759,2033,198,23.57142857142857,275,32.738095238095234,30025,425.52437641723355,762.4061968326569,90.7626424800782,1860,1717
64-C2H2-2.5O2-65%Ar-7.50kPa-1_gamma0p6_CLAHEclip01_GBlur05_GNoise10.tif,73,1621,1813,1011,1254,193,22.976190476190474,244,29.047619047619047,26658,377.8061224489796,680.2051863670349,80.97680790083749,1119,1711
64-C2H2-2.5O2-65%Ar-7.50kPa-1_gamma0p6_CLAHEclip01_GBlur05_GNoise10.tif,74,1625,1760,2069,2248,136,16.19047619047619,180,21.428571428571427,13514,191.5249433106576,502.0559107065201,59.76856079839524,2175,1700
64-C2H2-2.5O2-65%Ar-7.50kPa-1_gamma0p6_CLAHEclip01_GBlur05_GNoise10.tif,75,1628,1667,506,534,40,4.761904761904762,29,3.452380952380952,856,12.131519274376418,112.32590091228485,13.372131060986291,519,1649
64-C2H2-2.5O2-65%Ar-7.50kPa-1_gamma0p6_CLAHEclip01_GBlur05_GNoise10.tif,76,1640,1780,1284,1477,141,16.785714285714285,194,23.095238095238095,15283,216.59580498866214,527.7543950080872,62.82790416762942,1359,1718
64-C2H2-2.5O2-65%Ar-7.50kPa-1_gamma0p6_CLAHEclip01_GBlur05_GNoise10.tif,77,1675,1795,2000,2163,121,14.404761904761903,164,19.523809523809522,10954,155.2437641723356,450.6000670194626,53.64286512136459,2056,1724
64-C2H2-2.5O2-65%Ar-7.50kPa-1_gamma0p6_CLAHEclip01_GBlur05_GNoise10.tif,78,1693,1871,1372,1630,179,21.30952380952381,259,30.833333333333332,25592,362.6984126984127,685.1341186761856,81.56358555668876,1489,1777
64-C2H2-2.5O2-65%Ar-7.50kPa-1_gamma0p6_CLAHEclip01_GBlur05_GNoise10.tif,79,1707,1910,876,1129,204,24.285714285714285,254,30.238095238095237,29523,418.4098639455782,714.004175901413,85.00049713112058,992,1810
64-C2H2-2.5O2-65%Ar-7.50kPa-1_gamma0p6_CLAHEclip01_GBlur05_GNoise10.tif,80,1720,1927,1794,2152,208,24.76190476190476,359,42.738095238095234,45164,640.0793650793651,976.790972828865,116.28463962248394,1984,1795
64-C2H2-2.5O2-65%Ar-7.50kPa-1_gamma0p6_CLAHEclip01_GBlur05_GNoise10.tif,81,1732,1866,1164,1344,135,16.07142857142857,181,21.547619047619047,14241,201.828231292517,496.1980460882187,59.07119596288317,1246,1810
64-C2H2-2.5O2-65%Ar-7.50kPa-1_gamma0p6_CLAHEclip01_GBlur05_GNoise10.tif,82,1733,1860,1667,1856,128,15.238095238095237,190,22.619047619047617,13706,194.24603174603175,510.7422024011612,60.80264314299538,1775,1806
64-C2H2-2.5O2-65%Ar-7.50kPa-1_gamma0p6_CLAHEclip01_GBlur05_GNoise10.tif,83,1761,1832,2112,2228,72,8.571428571428571,117,13.928571428571429,5557,78.75566893424036,310.14927566051483,36.92253281672795,2179,1792
64-C2H2-2.5O2-65%Ar-7.50kPa-1_gamma0p6_CLAHEclip01_GBlur05_GNoise10.tif,84,1782,1932,1263,1499,151,17.976190476190474,237,28.21428571428571,22210,314.7675736961451,628.4823168516159,74.81932343471618,1366,1865
64-C2H2-2.5O2-65%Ar-7.50kPa-1_gamma0p6_CLAHEclip01_GBlur05_GNoise10.tif,85,1782,1930,1537,1764,149,17.738095238095237,228,27.142857142857142,21164,299.9433106575964,603.5533845424652,71.85159339791252,1648,1862
64-C2H2-2.5O2-65%Ar-7.50kPa-1_gamma0p6_CLAHEclip01_GBlur05_GNoise10.tif,86,1833,1927,2090,2239,95,11.309523809523808,150,17.857142857142858,9407,133.3191609977324,402.2325359582901,47.884825709320246,2172,1882
