image,id,top_to_bottom_mm,left_to_right_mm,height_width_ratio,area_mm2
53-C2H2-2.5O2-65%Ar-5.75kPa-1_gamma0p6_CLAHEclip01_GBlur05_GNoise10.tif,1,30.9524,47.0238,0.658228,807.6105
54-C2H2-2.5O2-65%Ar-6.01kPa-1_gamma0p6_CLAHEclip01_GBlur05_GNoise10.tif,1,20.8333,28.5714,0.729167,309.0845
56-C2H2-2.5O2-65%Ar-6.01kPa-1_gamma0p6_CLAHEclip01_GBlur05_GNoise10.tif,1,23.8095,47.6190,0.500000,621.2868
56-C2H2-2.5O2-65%Ar-6.01kPa-1_gamma0p6_CLAHEclip01_GBlur05_GNoise10.tif,2,16.3095,43.2143,0.377410,434.0136
57-C2H2-2.5O2-65%Ar-6.48kPa-1_gamma0p6_CLAHEclip01_GBlur05_GNoise10.tif,1,5.3571,5.2381,1.022727,16.3124
57-C2H2-2.5O2-65%Ar-6.48kPa-1_gamma0p6_CLAHEclip01_GBlur05_GNoise10.tif,2,26.0714,37.7381,0.690852,515.4195
57-C2H2-2.5O2-65%Ar-6.48kPa-1_gamma0p6_CLAHEclip01_GBlur05_GNoise10.tif,3,27.8571,46.7857,0.595420,723.5261
57-C2H2-2.5O2-65%Ar-6.48kPa-1_gamma0p6_CLAHEclip01_GBlur05_GNoise10.tif,4,24.8810,32.8571,0.757246,449.8158
57-C2H2-2.5O2-65%Ar-6.48kPa-1_gamma0p6_CLAHEclip01_GBlur05_GNoise10.tif,5,22.0238,35.8333,0.614618,413.0527
57-C2H2-2.5O2-65%Ar-6.48kPa-1_gamma0p6_CLAHEclip01_GBlur05_GNoise10.tif,6,29.4048,48.9286,0.600973,757.5539
57-C2H2-2.5O2-65%Ar-6.48kPa-1_gamma0p6_CLAHEclip01_GBlur05_GNoise10.tif,7,18.2143,25.2381,0.721698,266.1139
57-C2H2-2.5O2-65%Ar-6.48kPa-1_gamma0p6_CLAHEclip01_GBlur05_GNoise10.tif,8,25.7143,37.2619,0.690096,440.3770
57-C2H2-2.5O2-65%Ar-6.48kPa-1_gamma0p6_CLAHEclip01_GBlur05_GNoise10.tif,9,20.9524,31.7857,0.659176,334.3112
57-C2H2-2.5O2-65%Ar-6.48kPa-1_gamma0p6_CLAHEclip01_GBlur05_GNoise10.tif,10,31.5476,47.3810,0.665829,775.9495
57-C2H2-2.5O2-65%Ar-6.48kPa-1_gamma0p6_CLAHEclip01_GBlur05_GNoise10.tif,11,37.7381,60.0000,0.628968,1110.9977
57-C2H2-2.5O2-65%Ar-6.48kPa-1_gamma0p6_CLAHEclip01_GBlur05_GNoise10.tif,12,25.9524,35.5952,0.729097,489.0306
58-C2H2-2.5O2-65%Ar-6.50kPa-1_gamma0p6_CLAHEclip01_GBlur05_GNoise10.tif,1,52.5000,82.3810,0.637283,2112.1740
58-C2H2-2.5O2-65%Ar-6.50kPa-1_gamma0p6_CLAHEclip01_GBlur05_GNoise10.tif,2,27.1429,42.0238,0.645892,603.1179
58-C2H2-2.5O2-65%Ar-6.50kPa-1_gamma0p6_CLAHEclip01_GBlur05_GNoise10.tif,3,27.2619,41.0714,0.663768,584.9348
58-C2H2-2.5O2-65%Ar-6.50kPa-1_gamma0p6_CLAHEclip01_GBlur05_GNoise10.tif,4,26.9048,39.7619,0.676647,547.8175
58-C2H2-2.5O2-65%Ar-6.50kPa-1_gamma0p6_CLAHEclip01_GBlur05_GNoise10.tif,5,22.5000,34.5238,0.651724,414.4983
58-C2H2-2.5O2-65%Ar-6.50kPa-1_gamma0p6_CLAHEclip01_GBlur05_GNoise10.tif,6,21.4286,32.9762,0.649819,384.8639
63-C2H2-2.5O2-65%Ar-7.25kPa-1_gamma0p6_CLAHEclip01_GBlur05_GNoise10.tif,1,21.1905,30.5952,0.692607,313.7472
63-C2H2-2.5O2-65%Ar-7.25kPa-1_gamma0p6_CLAHEclip01_GBlur05_GNoise10.tif,2,21.4286,30.7143,0.697674,318.9768
63-C2H2-2.5O2-65%Ar-7.25kPa-1_gamma0p6_CLAHEclip01_GBlur05_GNoise10.tif,3,57.3810,92.5000,0.620335,1897.8741
63-C2H2-2.5O2-65%Ar-7.25kPa-1_gamma0p6_CLAHEclip01_GBlur05_GNoise10.tif,4,53.2143,82.8571,0.642241,2142.9138
63-C2H2-2.5O2-65%Ar-7.25kPa-1_gamma0p6_CLAHEclip01_GBlur05_GNoise10.tif,5,22.8571,35.5952,0.642140,423.7812
63-C2H2-2.5O2-65%Ar-7.25kPa-1_gamma0p6_CLAHEclip01_GBlur05_GNoise10.tif,6,21.9048,35.1190,0.623729,394.8413
63-C2H2-2.5O2-65%Ar-7.25kPa-1_gamma0p6_CLAHEclip01_GBlur05_GNoise10.tif,7,18.6905,27.1429,0.688596,277.3101
64-C2H2-2.5O2-65%Ar-7.50kPa-1_gamma0p6_CLAHEclip01_GBlur05_GNoise10.tif,1,22.2619,29.4048,0.757085,408.5317
64-C2H2-2.5O2-65%Ar-7.50kPa-1_gamma0p6_CLAHEclip01_GBlur05_GNoise10.tif,2,23.2143,33.9286,0.684211,387.0181
64-C2H2-2.5O2-65%Ar-7.50kPa-1_gamma0p6_CLAHEclip01_GBlur05_GNoise10.tif,3,22.9762,37.1429,0.618590,450.2693
64-C2H2-2.5O2-65%Ar-7.50kPa-1_gamma0p6_CLAHEclip01_GBlur05_GNoise10.tif,4,37.9762,59.7619,0.635458,848.7245
64-C2H2-2.5O2-65%Ar-7.50kPa-1_gamma0p6_CLAHEclip01_GBlur05_GNoise10.tif,5,25.3571,34.7619,0.729452,451.7574
64-C2H2-2.5O2-65%Ar-7.50kPa-1_gamma0p6_CLAHEclip01_GBlur05_GNoise10.tif,6,30.1190,46.1905,0.652062,667.3469
64-C2H2-2.5O2-65%Ar-7.50kPa-1_gamma0p6_CLAHEclip01_GBlur05_GNoise10.tif,7,25.2381,38.3333,0.658385,517.3186
64-C2H2-2.5O2-65%Ar-7.50kPa-1_gamma0p6_CLAHEclip01_GBlur05_GNoise10.tif,8,50.4762,78.3333,0.644377,1921.7262
64-C2H2-2.5O2-65%Ar-7.50kPa-1_gamma0p6_CLAHEclip01_GBlur05_GNoise10.tif,9,18.6905,29.8810,0.625498,300.2551
64-C2H2-2.5O2-65%Ar-7.50kPa-1_gamma0p6_CLAHEclip01_GBlur05_GNoise10.tif,10,20.8333,31.3095,0.665399,346.8963
64-C2H2-2.5O2-65%Ar-7.50kPa-1_gamma0p6_CLAHEclip01_GBlur05_GNoise10.tif,11,31.3095,49.6429,0.630695,666.9926
64-C2H2-2.5O2-65%Ar-7.50kPa-1_gamma0p6_CLAHEclip01_GBlur05_GNoise10.tif,12,36.7857,59.1667,0.621730,1146.9246
64-C2H2-2.5O2-65%Ar-7.50kPa-1_gamma0p6_CLAHEclip01_GBlur05_GNoise10.tif,13,16.0714,23.8095,0.675000,208.6451
64-C2H2-2.5O2-65%Ar-7.50kPa-1_gamma0p6_CLAHEclip01_GBlur05_GNoise10.tif,14,31.0714,47.0238,0.660759,700.0850
64-C2H2-2.5O2-65%Ar-7.50kPa-1_gamma0p6_CLAHEclip01_GBlur05_GNoise10.tif,15,15.9524,23.6905,0.673367,197.6049
64-C2H2-2.5O2-65%Ar-7.50kPa-1_gamma0p6_CLAHEclip01_GBlur05_GNoise10.tif,16,45.8333,58.0952,0.788934,1205.3855
64-C2H2-2.5O2-65%Ar-7.50kPa-1_gamma0p6_CLAHEclip01_GBlur05_GNoise10.tif,17,15.7143,22.2619,0.705882,193.4807
64-C2H2-2.5O2-65%Ar-7.50kPa-1_gamma0p6_CLAHEclip01_GBlur05_GNoise10.tif,18,24.0476,38.8095,0.619632,396.0459
64-C2H2-2.5O2-65%Ar-7.50kPa-1_gamma0p6_CLAHEclip01_GBlur05_GNoise10.tif,19,14.1667,19.0476,0.743750,128.4439
64-C2H2-2.5O2-65%Ar-7.50kPa-1_gamma0p6_CLAHEclip01_GBlur05_GNoise10.tif,20,20.1190,26.5476,0.757848,296.5420
64-C2H2-2.5O2-65%Ar-7.50kPa-1_gamma0p6_CLAHEclip01_GBlur05_GNoise10.tif,21,17.3810,24.1667,0.719212,216.8793
64-C2H2-2.5O2-65%Ar-7.50kPa-1_gamma0p6_CLAHEclip01_GBlur05_GNoise10.tif,22,21.4286,31.4286,0.681818,349.8299
64-C2H2-2.5O2-65%Ar-7.50kPa-1_gamma0p6_CLAHEclip01_GBlur05_GNoise10.tif,23,23.6905,31.5476,0.750943,402.0266
64-C2H2-2.5O2-65%Ar-7.50kPa-1_gamma0p6_CLAHEclip01_GBlur05_GNoise10.tif,24,23.6905,38.8095,0.610429,478.3305
65-C2H2-2.5O2-65%Ar-8.00kPa-1_gamma0p6_CLAHEclip01_GBlur05_GNoise10.tif,1,24.7619,37.0238,0.668810,477.4660
65-C2H2-2.5O2-65%Ar-8.00kPa-1_gamma0p6_CLAHEclip01_GBlur05_GNoise10.tif,2,34.4048,42.0238,0.818697,683.1349
65-C2H2-2.5O2-65%Ar-8.00kPa-1_gamma0p6_CLAHEclip01_GBlur05_GNoise10.tif,3,18.5714,26.7857,0.693333,260.5442
65-C2H2-2.5O2-65%Ar-8.00kPa-1_gamma0p6_CLAHEclip01_GBlur05_GNoise10.tif,4,24.0476,37.6190,0.639241,444.0051
65-C2H2-2.5O2-65%Ar-8.00kPa-1_gamma0p6_CLAHEclip01_GBlur05_GNoise10.tif,5,21.0714,33.6905,0.625442,378.1321
65-C2H2-2.5O2-65%Ar-8.00kPa-1_gamma0p6_CLAHEclip01_GBlur05_GNoise10.tif,6,57.0238,94.2857,0.604798,1394.8129
65-C2H2-2.5O2-65%Ar-8.00kPa-1_gamma0p6_CLAHEclip01_GBlur05_GNoise10.tif,7,14.5238,22.5000,0.645503,181.7319
65-C2H2-2.5O2-65%Ar-8.00kPa-1_gamma0p6_CLAHEclip01_GBlur05_GNoise10.tif,8,17.2619,26.3095,0.656109,218.5232
65-C2H2-2.5O2-65%Ar-8.00kPa-1_gamma0p6_CLAHEclip01_GBlur05_GNoise10.tif,9,22.6190,34.1667,0.662021,382.6105
65-C2H2-2.5O2-65%Ar-8.00kPa-1_gamma0p6_CLAHEclip01_GBlur05_GNoise10.tif,10,20.1190,31.3095,0.642586,329.1383
65-C2H2-2.5O2-65%Ar-8.00kPa-1_gamma0p6_CLAHEclip01_GBlur05_GNoise10.tif,11,21.4286,33.4524,0.640569,375.5385
65-C2H2-2.5O2-65%Ar-8.00kPa-1_gamma0p6_CLAHEclip01_GBlur05_GNoise10.tif,12,16.3095,22.7381,0.717277,188.6621
65-C2H2-2.5O2-65%Ar-8.00kPa-1_gamma0p6_CLAHEclip01_GBlur05_GNoise10.tif,13,16.9048,25.5952,0.660465,252.4235
65-C2H2-2.5O2-65%Ar-8.00kPa-1_gamma0p6_CLAHEclip01_GBlur05_GNoise10.tif,14,24.1667,36.6667,0.659091,449.6032
65-C2H2-2.5O2-65%Ar-8.00kPa-1_gamma0p6_CLAHEclip01_GBlur05_GNoise10.tif,15,19.5238,28.5714,0.683333,292.3895
65-C2H2-2.5O2-65%Ar-8.00kPa-1_gamma0p6_CLAHEclip01_GBlur05_GNoise10.tif,16,17.5000,23.5714,0.742424,221.6412
65-C2H2-2.5O2-65%Ar-8.00kPa-1_gamma0p6_CLAHEclip01_GBlur05_GNoise10.tif,17,25.8333,37.8571,0.682390,512.3441
65-C2H2-2.5O2-65%Ar-8.00kPa-1_gamma0p6_CLAHEclip01_GBlur05_GNoise10.tif,18,17.5000,25.5952,0.683721,233.8861
65-C2H2-2.5O2-65%Ar-8.00kPa-1_gamma0p6_CLAHEclip01_GBlur05_GNoise10.tif,19,20.4762,28.6905,0.713693,306.8311
65-C2H2-2.5O2-65%Ar-8.00kPa-1_gamma0p6_CLAHEclip01_GBlur05_GNoise10.tif,20,13.9286,22.1429,0.629032,154.1383
65-C2H2-2.5O2-65%Ar-8.00kPa-1_gamma0p6_CLAHEclip01_GBlur05_GNoise10.tif,21,20.2381,27.7381,0.729614,312.0465
65-C2H2-2.5O2-65%Ar-8.00kPa-1_gamma0p6_CLAHEclip01_GBlur05_GNoise10.tif,22,19.7619,27.9762,0.706383,306.0232
65-C2H2-2.5O2-65%Ar-8.00kPa-1_gamma0p6_CLAHEclip01_GBlur05_GNoise10.tif,23,27.3810,38.5714,0.709877,521.2160
65-C2H2-2.5O2-65%Ar-8.00kPa-1_gamma0p6_CLAHEclip01_GBlur05_GNoise10.tif,24,39.8810,50.2381,0.793839,1022.6757
65-C2H2-2.5O2-65%Ar-8.00kPa-1_gamma0p6_CLAHEclip01_GBlur05_GNoise10.tif,25,17.1429,25.4762,0.672897,218.4807
65-C2H2-2.5O2-65%Ar-8.00kPa-1_gamma0p6_CLAHEclip01_GBlur05_GNoise10.tif,26,42.0238,62.8571,0.668561,1017.7438
65-C2H2-2.5O2-65%Ar-8.00kPa-1_gamma0p6_CLAHEclip01_GBlur05_GNoise10.tif,27,18.4524,28.0952,0.656780,280.3288
65-C2H2-2.5O2-65%Ar-8.00kPa-1_gamma0p6_CLAHEclip01_GBlur05_GNoise10.tif,28,23.9286,33.5714,0.712766,418.9909
65-C2H2-2.5O2-65%Ar-8.00kPa-1_gamma0p6_CLAHEclip01_GBlur05_GNoise10.tif,29,14.0476,18.6905,0.751592,150.3260
65-C2H2-2.5O2-65%Ar-8.00kPa-1_gamma0p6_CLAHEclip01_GBlur05_GNoise10.tif,30,22.0238,31.3095,0.703422,377.2959
65-C2H2-2.5O2-65%Ar-8.00kPa-1_gamma0p6_CLAHEclip01_GBlur05_GNoise10.tif,31,15.5952,21.4286,0.727778,178.1604
65-C2H2-2.5O2-65%Ar-8.00kPa-1_gamma0p6_CLAHEclip01_GBlur05_GNoise10.tif,32,13.2143,20.5952,0.641618,144.4586
65-C2H2-2.5O2-65%Ar-8.00kPa-1_gamma0p6_CLAHEclip01_GBlur05_GNoise10.tif,33,20.7143,28.8095,0.719008,325.6236
65-C2H2-2.5O2-65%Ar-8.00kPa-1_gamma0p6_CLAHEclip01_GBlur05_GNoise10.tif,34,25.4762,37.5000,0.679365,446.4427
65-C2H2-2.5O2-65%Ar-8.00kPa-1_gamma0p6_CLAHEclip01_GBlur05_GNoise10.tif,35,18.2143,24.0476,0.757426,239.4983
65-C2H2-2.5O2-65%Ar-8.00kPa-1_gamma0p6_CLAHEclip01_GBlur05_GNoise10.tif,36,35.1190,61.5476,0.570600,1078.3730
65-C2H2-2.5O2-65%Ar-8.00kPa-1_gamma0p6_CLAHEclip01_GBlur05_GNoise10.tif,37,12.9762,19.1667,0.677019,137.6417
65-C2H2-2.5O2-65%Ar-8.00kPa-1_gamma0p6_CLAHEclip01_GBlur05_GNoise10.tif,38,17.3810,25.1190,0.691943,234.8073
65-C2H2-2.5O2-65%Ar-8.00kPa-1_gamma0p6_CLAHEclip01_GBlur05_GNoise10.tif,39,21.4286,31.3095,0.684411,349.6599
65-C2H2-2.5O2-65%Ar-8.00kPa-1_gamma0p6_CLAHEclip01_GBlur05_GNoise10.tif,40,27.2619,39.0476,0.698171,539.5550
65-C2H2-2.5O2-65%Ar-8.00kPa-1_gamma0p6_CLAHEclip01_GBlur05_GNoise10.tif,41,21.5476,35.9524,0.599338,447.2222
65-C2H2-2.5O2-65%Ar-8.00kPa-1_gamma0p6_CLAHEclip01_GBlur05_GNoise10.tif,42,2.7381,3.9286,0.696970,7.1854
66-C2H2-2.5O2-65%Ar-9.00kPa-1_gamma0p6_CLAHEclip01_GBlur05_GNoise10.tif,1,22.9762,42.5000,0.540616,504.0958
66-C2H2-2.5O2-65%Ar-9.00kPa-1_gamma0p6_CLAHEclip01_GBlur05_GNoise10.tif,2,16.5476,24.4048,0.678049,216.9926
66-C2H2-2.5O2-65%Ar-9.00kPa-1_gamma0p6_CLAHEclip01_GBlur05_GNoise10.tif,3,16.7857,23.4524,0.715736,217.4603
66-C2H2-2.5O2-65%Ar-9.00kPa-1_gamma0p6_CLAHEclip01_GBlur05_GNoise10.tif,4,13.5714,19.1667,0.708075,143.3532
66-C2H2-2.5O2-65%Ar-9.00kPa-1_gamma0p6_CLAHEclip01_GBlur05_GNoise10.tif,5,19.0476,39.4048,0.483384,398.4694
66-C2H2-2.5O2-65%Ar-9.00kPa-1_gamma0p6_CLAHEclip01_GBlur05_GNoise10.tif,6,14.2857,20.4762,0.697674,166.4824
66-C2H2-2.5O2-65%Ar-9.00kPa-1_gamma0p6_CLAHEclip01_GBlur05_GNoise10.tif,7,12.3810,18.8095,0.658228,128.8974
66-C2H2-2.5O2-65%Ar-9.00kPa-1_gamma0p6_CLAHEclip01_GBlur05_GNoise10.tif,8,13.5714,19.6429,0.690909,150.9637
66-C2H2-2.5O2-65%Ar-9.00kPa-1_gamma0p6_CLAHEclip01_GBlur05_GNoise10.tif,9,13.2143,19.6429,0.672727,143.2398
66-C2H2-2.5O2-65%Ar-9.00kPa-1_gamma0p6_CLAHEclip01_GBlur05_GNoise10.tif,10,37.5000,57.7381,0.649485,1080.4280
66-C2H2-2.5O2-65%Ar-9.00kPa-1_gamma0p6_CLAHEclip01_GBlur05_GNoise10.tif,11,24.6429,34.1667,0.721254,386.1536
66-C2H2-2.5O2-65%Ar-9.00kPa-1_gamma0p6_CLAHEclip01_GBlur05_GNoise10.tif,12,11.9048,16.6667,0.714286,103.3305
66-C2H2-2.5O2-65%Ar-9.00kPa-1_gamma0p6_CLAHEclip01_GBlur05_GNoise10.tif,13,15.3571,20.7143,0.741379,151.1763
66-C2H2-2.5O2-65%Ar-9.00kPa-1_gamma0p6_CLAHEclip01_GBlur05_GNoise10.tif,14,36.6667,60.1190,0.609901,1169.5437
66-C2H2-2.5O2-65%Ar-9.00kPa-1_gamma0p6_CLAHEclip01_GBlur05_GNoise10.tif,15,14.6429,24.8810,0.588517,176.6723
67-C2H2-2.5O2-65%Ar-10.00kPa-1_gamma0p6_CLAHEclip01_GBlur05_GNoise10.tif,1,16.1905,25.3571,0.638498,211.4371
67-C2H2-2.5O2-65%Ar-10.00kPa-1_gamma0p6_CLAHEclip01_GBlur05_GNoise10.tif,2,11.9048,17.1429,0.694444,113.4070
67-C2H2-2.5O2-65%Ar-10.00kPa-1_gamma0p6_CLAHEclip01_GBlur05_GNoise10.tif,3,11.1905,15.2381,0.734375,98.5686
67-C2H2-2.5O2-65%Ar-10.00kPa-1_gamma0p6_CLAHEclip01_GBlur05_GNoise10.tif,4,4.6429,5.7143,0.812500,15.0085
67-C2H2-2.5O2-65%Ar-10.00kPa-1_gamma0p6_CLAHEclip01_GBlur05_GNoise10.tif,5,12.7381,16.9048,0.753521,116.3265
67-C2H2-2.5O2-65%Ar-10.00kPa-1_gamma0p6_CLAHEclip01_GBlur05_GNoise10.tif,6,19.8810,28.9286,0.687243,294.6854
67-C2H2-2.5O2-65%Ar-10.00kPa-1_gamma0p6_CLAHEclip01_GBlur05_GNoise10.tif,7,17.0238,25.7143,0.662037,224.0505
67-C2H2-2.5O2-65%Ar-10.00kPa-1_gamma0p6_CLAHEclip01_GBlur05_GNoise10.tif,8,14.5238,20.9524,0.693182,162.6842
67-C2H2-2.5O2-65%Ar-10.00kPa-1_gamma0p6_CLAHEclip01_GBlur05_GNoise10.tif,9,11.1905,14.4048,0.776860,91.7375
67-C2H2-2.5O2-65%Ar-10.00kPa-1_gamma0p6_CLAHEclip01_GBlur05_GNoise10.tif,10,28.8095,44.4048,0.648794,644.2885
67-C2H2-2.5O2-65%Ar-10.00kPa-1_gamma0p6_CLAHEclip01_GBlur05_GNoise10.tif,11,8.9286,13.3333,0.669643,73.6536
67-C2H2-2.5O2-65%Ar-10.00kPa-1_gamma0p6_CLAHEclip01_GBlur05_GNoise10.tif,12,27.8571,41.4286,0.672414,544.7137
67-C2H2-2.5O2-65%Ar-10.00kPa-1_gamma0p6_CLAHEclip01_GBlur05_GNoise10.tif,13,15.8333,22.1429,0.715054,180.8248
67-C2H2-2.5O2-65%Ar-10.00kPa-1_gamma0p6_CLAHEclip01_GBlur05_GNoise10.tif,14,4.0476,5.5952,0.723404,14.9376
